Size,Time,Info_Loss,Q_Accuracy
1000,0.03708791732788086,0.11517968835297684,0.788489795545342
10000,0.07125329971313477,0.08452512170184434,0.8016367758350967
50000,0.40012693405151367,0.08193265955202605,0.8040038724135669
100000,0.8786416053771973,0.05528837568297188,0.8050770561245997
200000,1.6582722663879395,0.05657072545812522,0.8076998679092057
300000,2.1814887523651123,0.06018999165957999,0.8081715888788152
420003,2.5711350440979004,0.054666370959185875,0.8061892372845687
