Size,Time,Info_Loss,Q_Accuracy
1000,0.45279788970947266,0.1736964913912767,0.7665505463208935
10000,0.8271307945251465,0.1688103024550508,0.7856832086874257
50000,5.351507186889648,0.19874392885406067,0.7856283010590548
100000,9.304357290267944,0.14432941561679266,0.7910654767591555
200000,23.52118754386902,0.18276035233379603,0.7937783251688835
300000,31.23156189918518,0.21993605897983184,0.7945055789461558
420003,45.63313913345337,0.19549743565095276,0.7948604564034886
