Size,Time,Info_Loss,Q_Accuracy
1000,1.798696517944336,0.18447568628433353,0.6289934490974255
10000,1.2045032978057861,0.038993632944790205,0.7808698604118804
50000,3.434204339981079,0.013362191304780635,0.7959456704692843
100000,11.877501487731934,0.02049749104752984,0.8042364738523822
200000,19.928778648376465,0.01336352675338025,0.8076974923344538
300000,24.451425075531006,0.010965692870953194,0.8080640003184925
420003,39.87559914588928,0.01471873623031057,0.8062245170970544
