Size,Time,Info_Loss,Q_Accuracy
1000,6.02789568901062,0.4592749806416916,0.6912657400048688
10000,22.546842336654663,0.18511444413045003,0.7846882172907809
50000,26.81178569793701,0.20547703729407346,0.7852090803891169
100000,20.829997301101685,0.14142749874420657,0.7908966111642937
200000,39.84791946411133,0.15426943041474986,0.7942362037495257
300000,48.891201972961426,0.1630540389627316,0.7948769718024326
420003,66.734139919281,0.14483374671603882,0.794827332368889
