Size,Time,Info_Loss,Q_Accuracy
1000,1.047182321548462,0.1064067649003872,0.7845522414887
10000,1.7180111408233643,0.08823490296853607,0.7998404717029983
50000,3.5943245887756348,0.09899722947319545,0.8013413526894136
100000,7.216491460800171,0.0784416789451888,0.8025996578345296
200000,15.618505239486694,0.06880964509942206,0.8056117065855686
300000,26.849427223205566,0.06953936053987281,0.8060815014502996
420003,25.817025661468506,0.06231519615741604,0.8041593327086495
