R2_Anonymized,MSE_Anonymized,R2_Combined,MSE_Combined
0.636318244768455,4115.347308384198,0.844489637120608,1421.5570642593823
