R2_Anonymized,MSE_Anonymized,R2_Combined,MSE_Combined
1.0,0.0,0.733734580212423,2433.9952750324383
