R2_Anonymized,MSE_Anonymized,R2_Combined,MSE_Combined
0.9814712010273612,5.310072060959691,0.7188694375335877,2569.881065503591
