R2_Anonymized,MSE_Anonymized,R2_Combined,MSE_Combined
0.8550131384534584,4089.096988714475,0.8400859670611803,1461.812055410692
