R2_Anonymized,MSE_Anonymized,R2_Combined,MSE_Combined
0.8057159814424496,1863.4909411154556,0.8532693712188666,1341.2994351303298
