R2_Anonymized,MSE_Anonymized,R2_Combined,MSE_Combined
0.7237438807056316,2736.3198810785643,0.848721854848294,1382.8693594860238
